id,place,mag,time,updated,latitude,longitude,depth,tsunami,sig,status,alert,types,felt,cdi,mmi,fetched_at,mag_category,city,state,country,day_of_week,hour_of_day
tx2025nggfjq,"52 km S of Whites City, New Mexico",2.7,2025-07-07 19:46:50.001000+07:00,2025-07-07 19:50:03.141000+07:00,31.713,-104.279,4.4772,0,112,automatic,,",origin,phase-data,",,,,2025-07-07 19:50:56.266424+07:00,Minor,,Texas,United States,Monday,19
ak0258n4fps0,"18 km E of Skwentna, Alaska",1.6,2025-07-07 19:43:24.482000+07:00,2025-07-07 19:45:16.354000+07:00,62.023,-151.0475,61.4,0,39,automatic,,",origin,phase-data,",,,,2025-07-07 19:50:56.266886+07:00,Micro,,Alaska,United States,Monday,19
nc75206642,"2 km SE of Cobb, CA",1.07,2025-07-07 19:13:57.260000+07:00,2025-07-07 19:15:32.857000+07:00,38.8103332519531,-122.707496643066,1.62999999523163,0,18,automatic,,",nearby-cities,origin,phase-data,",,,,2025-07-07 19:50:56.267948+07:00,Micro,,California,United States,Monday,19
ci41015991,"5 km SE of Redlands, CA",0.55,2025-07-07 19:13:23.320000+07:00,2025-07-07 19:17:00.163000+07:00,34.0175,-117.1461667,4.66,0,5,automatic,,",nearby-cities,origin,phase-data,scitech-link,",,,,2025-07-07 19:50:56.268804+07:00,Micro,,California,United States,Monday,19
us7000qb4k,"22 km SSE of Yilan, Taiwan",4.4,2025-07-07 19:01:27.933000+07:00,2025-07-07 19:25:03.040000+07:00,24.5605,121.8146,64.466,0,298,reviewed,,",origin,phase-data,",,,,2025-07-07 19:50:56.269825+07:00,Light,,,臺灣,Monday,19
ci41015983,"15 km ENE of Indio, CA",1.54,2025-07-07 18:47:34.260000+07:00,2025-07-07 18:58:17.230000+07:00,33.7903333,-116.0771667,1.88,0,36,automatic,,",focal-mechanism,nearby-cities,origin,phase-data,scitech-link,",,,,2025-07-07 19:50:56.273195+07:00,Micro,,California,United States,Monday,18
ci41015975,"2 km SE of Lake Henshaw, CA",1.48,2025-07-07 18:32:01.960000+07:00,2025-07-07 18:42:56.760000+07:00,33.2291667,-116.7438333,8.38,0,34,automatic,,",focal-mechanism,nearby-cities,origin,phase-data,scitech-link,",,,,2025-07-07 19:50:56.274280+07:00,Micro,,California,United States,Monday,18
ci41015967,"17 km WSW of Johannesburg, CA",0.9,2025-07-07 18:26:05.530000+07:00,2025-07-07 18:29:31.755000+07:00,35.3256667,-117.8153333,8.56,0,12,automatic,,",nearby-cities,origin,phase-data,scitech-link,",,,,2025-07-07 19:50:56.275348+07:00,Micro,,California,United States,Monday,18
nc75206627,"15 km E of Seven Trees, CA",1.3,2025-07-07 18:24:49.160000+07:00,2025-07-07 18:57:17.112000+07:00,37.2908325195312,-121.671997070312,1.24000000953674,0,26,automatic,,",nearby-cities,origin,phase-data,scitech-link,",,,,2025-07-07 19:50:56.276239+07:00,Micro,,California,United States,Monday,18
pr71488498,"6 km SSE of La Parguera, Puerto Rico",2.29,2025-07-07 18:24:31.090000+07:00,2025-07-07 19:24:40.790000+07:00,17.9215,-67.0221666666667,13.42,0,81,reviewed,,",origin,phase-data,",,,,2025-07-07 19:50:56.277688+07:00,Minor,,Puerto Rico,United States,Monday,18
ci41015959,"6 km WSW of Anza, CA",0.3,2025-07-07 18:21:31.940000+07:00,2025-07-07 18:24:56.416000+07:00,33.529,-116.7326667,5.7,0,1,automatic,,",nearby-cities,origin,phase-data,scitech-link,",,,,2025-07-07 19:50:56.278474+07:00,Micro,,California,United States,Monday,18
pr71488488,"37 km NNE of Cruz Bay, U.S. Virgin Islands",3.09,2025-07-07 17:48:34.260000+07:00,2025-07-07 18:51:41.460000+07:00,18.6318333333333,-64.6288333333333,69.21,0,147,reviewed,,",origin,phase-data,",,,,2025-07-07 19:50:56.279113+07:00,Minor,,,British Virgin Islands,Monday,17
ci41015951,"3 km ESE of Anza, CA",0.4,2025-07-07 17:47:28.520000+07:00,2025-07-07 17:50:55.418000+07:00,33.5418333,-116.6458333,10.65,0,2,automatic,,",nearby-cities,origin,phase-data,scitech-link,",,,,2025-07-07 19:50:56.279796+07:00,Micro,,California,United States,Monday,17
us7000qb4f,"19 km ENE of Waisai, Indonesia",4.8,2025-07-07 17:41:07.621000+07:00,2025-07-07 18:07:33.040000+07:00,-0.1546,130.6635,32.21,0,354,reviewed,,",origin,phase-data,",,,,2025-07-07 19:50:56.280551+07:00,Light,,Papua Barat Daya,Indonesia,Monday,17
ak0258n388eq,"42 km NNE of Chase, Alaska",1.5,2025-07-07 17:40:37.307000+07:00,2025-07-07 17:42:06.462000+07:00,62.8032,-149.7981,72.4,0,35,automatic,,",origin,phase-data,",,,,2025-07-07 19:50:56.281206+07:00,Micro,,Alaska,United States,Monday,17
ak0258n36cj6,"37 km SE of Pedro Bay, Alaska",1.8,2025-07-07 17:31:57.620000+07:00,2025-07-07 17:34:35.301000+07:00,59.5395,-153.6562,159.4,0,50,automatic,,",origin,phase-data,",,,,2025-07-07 19:50:56.282115+07:00,Micro,,Alaska,United States,Monday,17
nc75206617,"8 km WNW of Cobb, CA",1.09,2025-07-07 17:29:11.090000+07:00,2025-07-07 17:30:52.049000+07:00,38.8346672058105,-122.815170288086,2.07999992370605,0,18,automatic,,",nearby-cities,origin,phase-data,",,,,2025-07-07 19:50:56.282776+07:00,Micro,,California,United States,Monday,17
ak0258n34qy5,"64 km SE of Denali National Park, Alaska",3.9,2025-07-07 17:24:12.642000+07:00,2025-07-07 18:16:10.602000+07:00,63.1201,-150.8529,122.2,0,236,reviewed,,",dyfi,origin,phase-data,shakemap,",4.0,3.8,3.316,2025-07-07 19:50:56.283183+07:00,Minor,,Alaska,United States,Monday,17
ci41015943,"72 km SE of San Clemente Is. (SE tip), CA",3.31,2025-07-07 17:20:12.440000+07:00,2025-07-07 19:32:58.641000+07:00,32.3429985,-117.8333359,26.69,0,169,automatic,,",dyfi,nearby-cities,origin,phase-data,scitech-link,",1.0,1.0,,2025-07-07 19:50:56.283607+07:00,Minor,,,,Monday,17
us7000qb4a,"259 km SSE of Port Blair, India",5.1,2025-07-07 17:16:03.948000+07:00,2025-07-07 17:35:21.040000+07:00,9.6162,93.8954,10.0,0,400,reviewed,,",origin,phase-data,",,,,2025-07-07 19:50:56.285235+07:00,Light,,,,Monday,17
ci41015935,"4 km SSW of Coso Junction, CA",0.66,2025-07-07 17:13:28.890000+07:00,2025-07-07 17:16:52.311000+07:00,36.0063333,-117.9601667,6.49,0,7,automatic,,",nearby-cities,origin,phase-data,scitech-link,",,,,2025-07-07 19:50:56.286015+07:00,Micro,,California,United States,Monday,17
us7000qb45,"113 km SSE of Port Blair, India",4.9,2025-07-07 16:42:46.222000+07:00,2025-07-07 17:40:44.040000+07:00,10.6997,93.0888,10.0,0,369,reviewed,,",origin,phase-data,",,,,2025-07-07 19:50:56.286751+07:00,Light,,,,Monday,16
us7000qb44,Carlsberg Ridge,4.9,2025-07-07 16:42:21.813000+07:00,2025-07-07 17:03:50.040000+07:00,1.5521,66.8019,10.0,0,369,reviewed,,",origin,phase-data,",,,,2025-07-07 19:50:56.287551+07:00,Light,,,,Monday,16
ak0258n2n10m,"16 km ENE of Minto, Alaska",0.8,2025-07-07 16:41:43.748000+07:00,2025-07-07 16:44:54.410000+07:00,65.2103,-149.0192,12.4,0,10,automatic,,",origin,phase-data,",,,,2025-07-07 19:50:56.288436+07:00,Micro,,Alaska,United States,Monday,16
tx2025nfzzvf,"21 km W of Garden City, Texas",1.0,2025-07-07 16:39:20.101000+07:00,2025-07-07 19:09:00.664000+07:00,31.852,-101.706,6.0791,0,15,reviewed,,",origin,phase-data,",,,,2025-07-07 19:50:56.289428+07:00,Micro,,Texas,United States,Monday,16
ak0258n2jmks,"61 km ESE of Denali Park, Alaska",1.3,2025-07-07 16:25:56.925000+07:00,2025-07-07 16:28:16.103000+07:00,63.5765,-147.7331,8.3,0,26,automatic,,",origin,phase-data,",,,,2025-07-07 19:50:56.289934+07:00,Micro,,Alaska,United States,Monday,16
nc75206612,"8 km WNW of Cobb, CA",0.73,2025-07-07 16:23:24.860000+07:00,2025-07-07 16:25:02.533000+07:00,38.8321647644043,-122.80899810791,2.15000009536743,0,8,automatic,,",nearby-cities,origin,phase-data,",,,,2025-07-07 19:50:56.291027+07:00,Micro,,California,United States,Monday,16
ak0258n2izgd,"48 km SSW of Kokhanok, Alaska",2.2,2025-07-07 16:22:57.255000+07:00,2025-07-07 16:25:26.443000+07:00,59.0289,-155.0317,241.2,0,74,automatic,,",origin,phase-data,",,,,2025-07-07 19:50:56.291621+07:00,Minor,,Alaska,United States,Monday,16
ci41015927,"67 km SE of San Clemente Is. (SE tip), CA",2.51,2025-07-07 16:22:05.760000+07:00,2025-07-07 16:25:40.974000+07:00,32.396,-117.834,0.09,0,97,automatic,,",nearby-cities,origin,phase-data,scitech-link,",,,,2025-07-07 19:50:56.292049+07:00,Minor,,,,Monday,16
ak0258n2gjno,"8 km NW of Big Lake, Alaska",1.4,2025-07-07 16:11:19.404000+07:00,2025-07-07 16:13:06.782000+07:00,61.5859,-150.0487,27.7,0,30,automatic,,",origin,phase-data,",,,,2025-07-07 19:50:56.292574+07:00,Micro,,Alaska,United States,Monday,16
ak0258n2f0xq,"43 km NNW of Petersville, Alaska",1.4,2025-07-07 16:04:10.227000+07:00,2025-07-07 16:06:12.088000+07:00,62.8568,-151.1011,106.7,0,30,automatic,,",origin,phase-data,",,,,2025-07-07 19:50:56.293183+07:00,Micro,,Alaska,United States,Monday,16
nn00900199,"25 km NNE of Yerington, Nevada",1.1,2025-07-07 16:02:37.269000+07:00,2025-07-07 16:04:48.563000+07:00,39.1847,-119.0124,6.9,0,19,automatic,,",origin,phase-data,",,,,2025-07-07 19:50:56.293577+07:00,Micro,,Nevada,United States,Monday,16
ci41015919,"5 km SE of Lake Henshaw, CA",0.57,2025-07-07 15:58:32.980000+07:00,2025-07-07 16:01:57.436000+07:00,33.2125,-116.7205,9.86,0,5,automatic,,",nearby-cities,origin,phase-data,scitech-link,",,,,2025-07-07 19:50:56.293996+07:00,Micro,,California,United States,Monday,15
ak0258n24bmz,"24 km NW of Fishhook, Alaska",1.1,2025-07-07 15:54:16.759000+07:00,2025-07-07 15:56:20.277000+07:00,61.9015,-149.56,55.3,0,19,automatic,,",origin,phase-data,",,,,2025-07-07 19:50:56.294366+07:00,Micro,,Alaska,United States,Monday,15
tx2025nfyldx,"35 km ENE of McKinney Acres, Texas",0.9,2025-07-07 15:52:09.936000+07:00,2025-07-07 19:15:57.282000+07:00,32.398,-102.171,6.5186,0,12,reviewed,,",origin,phase-data,",,,,2025-07-07 19:50:56.294867+07:00,Micro,,Texas,United States,Monday,15
nc75206602,"12 km NW of The Geysers, CA",1.0,2025-07-07 15:51:37.470000+07:00,2025-07-07 15:53:11.199000+07:00,38.8293342590332,-122.879165649414,2.85999989509583,0,15,automatic,,",nearby-cities,origin,phase-data,",,,,2025-07-07 19:50:56.295274+07:00,Micro,,California,United States,Monday,15
nc75206597,"3 km SE of The Geysers, CA",0.31,2025-07-07 15:47:18.780000+07:00,2025-07-07 15:48:56.942000+07:00,38.7656669616699,-122.724830627441,1.03999996185303,0,1,automatic,,",nearby-cities,origin,phase-data,",,,,2025-07-07 19:50:56.295646+07:00,Micro,,California,United States,Monday,15
nc75206592,"3 km W of Anderson Springs, CA",0.31,2025-07-07 15:47:12.840000+07:00,2025-07-07 15:48:47.318000+07:00,38.7668342590332,-122.724334716797,1.11000001430511,0,1,automatic,,",nearby-cities,origin,phase-data,",,,,2025-07-07 19:50:56.296029+07:00,Micro,,California,United States,Monday,15
ak0258n22fkt,"1 km WSW of Two Rivers, Alaska",1.2,2025-07-07 15:45:34.694000+07:00,2025-07-07 16:02:04.060000+07:00,64.8653,-147.0673,9.7,0,22,automatic,,",dyfi,origin,phase-data,",1.0,3.1,,2025-07-07 19:50:56.296410+07:00,Micro,,Alaska,United States,Monday,15
ak0258n228uf,"51 km SSE of Denali National Park, Alaska",1.2,2025-07-07 15:44:47.430000+07:00,2025-07-07 15:47:08.820000+07:00,63.0859,-151.499,13.6,0,22,automatic,,",origin,phase-data,",,,,2025-07-07 19:50:56.296770+07:00,Micro,,Alaska,United States,Monday,15
nn00900197,"84 km ENE of Tonopah, Nevada",1.5,2025-07-07 15:44:01.471000+07:00,2025-07-07 15:46:49.211000+07:00,38.4874,-116.4285,1.7,0,35,automatic,,",origin,phase-data,",,,,2025-07-07 19:50:56.297139+07:00,Micro,,Nevada,United States,Monday,15
nn00900195,"57 km WNW of Rachel, Nevada",1.0,2025-07-07 15:42:49.625000+07:00,2025-07-07 15:45:27.889000+07:00,37.7796,-116.372,12.9,0,15,automatic,,",origin,phase-data,",,,,2025-07-07 19:50:56.297526+07:00,Micro,,Nevada,United States,Monday,15
ci41015911,"3 km SE of Mentone, CA",0.82,2025-07-07 15:32:37.620000+07:00,2025-07-07 15:36:09.201000+07:00,34.0488333,-117.1165,7.87,0,10,automatic,,",nearby-cities,origin,phase-data,scitech-link,",,,,2025-07-07 19:50:56.297897+07:00,Micro,,California,United States,Monday,15
nc75206587,"3 km W of Anderson Springs, CA",0.72,2025-07-07 15:29:53.850000+07:00,2025-07-07 15:31:31.899000+07:00,38.7658348083496,-122.722831726074,1.04999995231628,0,8,automatic,,",nearby-cities,origin,phase-data,",,,,2025-07-07 19:50:56.298275+07:00,Micro,,California,United States,Monday,15
nc75206582,"4 km NNW of The Geysers, CA",0.26,2025-07-07 15:28:38.140000+07:00,2025-07-07 15:30:17.043000+07:00,38.8043327331543,-122.777496337891,3.20000004768372,0,1,automatic,,",nearby-cities,origin,phase-data,",,,,2025-07-07 19:50:56.298636+07:00,Micro,,California,United States,Monday,15
nc75206572,"8 km WNW of Cobb, CA",0.36,2025-07-07 15:09:40.750000+07:00,2025-07-07 15:11:16.960000+07:00,38.8376655578613,-122.81233215332,2.55999994277954,0,2,automatic,,",nearby-cities,origin,phase-data,",,,,2025-07-07 19:50:56.299124+07:00,Micro,,California,United States,Monday,15
ci41015903,"18 km SSW of Ocotillo Wells, CA",0.69,2025-07-07 15:04:30.410000+07:00,2025-07-07 15:07:58.581000+07:00,32.9991667,-116.2305,7.54,0,7,automatic,,",nearby-cities,origin,phase-data,scitech-link,",,,,2025-07-07 19:50:56.299709+07:00,Micro,,California,United States,Monday,15
tx2025nfwlaj,"23 km S of Westbrook, Texas",1.7,2025-07-07 14:51:38.358000+07:00,2025-07-07 19:01:24.625000+07:00,32.147,-101.05,8.4229,0,44,reviewed,,",origin,phase-data,",,,,2025-07-07 19:50:56.300078+07:00,Micro,,Texas,United States,Monday,14
tx2025nfwhub,"55 km S of Whites City, New Mexico",1.5,2025-07-07 14:47:53.185000+07:00,2025-07-07 18:22:20.673000+07:00,31.671,-104.371,6.4075,0,35,reviewed,,",origin,phase-data,",,,,2025-07-07 19:50:56.301265+07:00,Micro,,Texas,United States,Monday,14
tx2025nfwhae,"34 km E of McKinney Acres, Texas",1.3,2025-07-07 14:46:58.999000+07:00,2025-07-07 18:47:47.872000+07:00,32.361,-102.173,7.7393,0,26,reviewed,,",origin,phase-data,",,,,2025-07-07 19:50:56.301656+07:00,Micro,,Texas,United States,Monday,14
nc75206557,"9 km WNW of Cobb, CA",0.71,2025-07-07 14:30:30.320000+07:00,2025-07-07 14:32:06.569000+07:00,38.8418350219727,-122.823333740234,1.86000001430511,0,8,automatic,,",nearby-cities,origin,phase-data,",,,,2025-07-07 19:50:56.302160+07:00,Micro,,California,United States,Monday,14
ci41015895,"15 km ENE of Indio, CA",0.82,2025-07-07 14:29:32.020000+07:00,2025-07-07 14:32:59.802000+07:00,33.793,-116.0808333,1.67,0,10,automatic,,",nearby-cities,origin,phase-data,scitech-link,",,,,2025-07-07 19:50:56.302709+07:00,Micro,,California,United States,Monday,14
ci41015887,"15 km ENE of Indio, CA",0.87,2025-07-07 14:25:58.820000+07:00,2025-07-07 14:29:52.015000+07:00,33.7913333,-116.078,1.94,0,12,automatic,,",nearby-cities,origin,phase-data,scitech-link,",,,,2025-07-07 19:50:56.303139+07:00,Micro,,California,United States,Monday,14
ak0258n1cgbj,"51 km SSW of Glacier View, Alaska",2.0,2025-07-07 14:24:13.756000+07:00,2025-07-07 14:25:57.128000+07:00,61.3544,-147.8842,7.6,0,62,automatic,,",origin,phase-data,",,,,2025-07-07 19:50:56.305336+07:00,Minor,,Alaska,United States,Monday,14
ci41015879,"18 km ESE of Anza, CA",1.32,2025-07-07 14:19:49.130000+07:00,2025-07-07 14:30:44.580000+07:00,33.4703333,-116.5133333,8.12,0,27,automatic,,",focal-mechanism,nearby-cities,origin,phase-data,scitech-link,",,,,2025-07-07 19:50:56.306134+07:00,Micro,,California,United States,Monday,14
ak0258n19pz8,"17 km WNW of Ninilchik, Alaska",1.2,2025-07-07 14:11:39.247000+07:00,2025-07-07 14:14:01.457000+07:00,60.118,-151.9434,63.2,0,22,automatic,,",origin,phase-data,",,,,2025-07-07 19:50:56.306547+07:00,Micro,,Alaska,United States,Monday,14
ci41015863,"19 km ESE of Little Lake, CA",0.62,2025-07-07 14:01:48.110000+07:00,2025-07-07 14:05:12.635000+07:00,35.8926667,-117.7061667,7.2,0,6,automatic,,",nearby-cities,origin,phase-data,scitech-link,",,,,2025-07-07 19:50:56.306936+07:00,Micro,,California,United States,Monday,14
ak0258n0xp8y,"107 km S of McCarthy, Alaska",2.4,2025-07-07 13:55:31.060000+07:00,2025-07-07 13:57:56.442000+07:00,60.4791,-143.2701,7.9,0,89,automatic,,",origin,phase-data,",,,,2025-07-07 19:50:56.307586+07:00,Minor,,Alaska,United States,Monday,13
nc75206537,"10 km  of Pinnacles, CA",1.39,2025-07-07 13:39:37.050000+07:00,2025-07-07 14:37:19.269000+07:00,36.6181678771973,-121.182998657227,8.81999969482422,0,30,automatic,,",nearby-cities,origin,phase-data,scitech-link,",,,,2025-07-07 19:50:56.308064+07:00,Micro,,California,United States,Monday,13
nc75206532,"6 km NW of The Geysers, CA",1.11,2025-07-07 13:37:52.550000+07:00,2025-07-07 14:12:20.074000+07:00,38.8136672973633,-122.8125,2.74000000953674,0,19,automatic,,",nearby-cities,origin,phase-data,scitech-link,",,,,2025-07-07 19:50:56.308416+07:00,Micro,,California,United States,Monday,13
us7000qb3d,"20 km NNW of Jal, New Mexico",2.3,2025-07-07 13:37:47.727000+07:00,2025-07-07 16:50:47.040000+07:00,32.2695,-103.301,6.109,0,81,reviewed,,",origin,phase-data,",,,,2025-07-07 19:50:56.308911+07:00,Minor,,New Mexico,United States,Monday,13
nc75206527,"15 km NW of Lake Pillsbury, CA",2.91,2025-07-07 13:21:03.030000+07:00,2025-07-07 14:00:53.216000+07:00,39.4804992675781,-123.110496520996,3.65000009536743,0,131,automatic,,",dyfi,focal-mechanism,nearby-cities,origin,phase-data,scitech-link,",3.0,3.8,,2025-07-07 19:50:56.309272+07:00,Minor,,California,United States,Monday,13
us7000qb3c,"70 km SW of Lixoúri, Greece",4.5,2025-07-07 13:20:43.992000+07:00,2025-07-07 17:22:48.040000+07:00,37.8043,19.8121,32.203,0,312,reviewed,,",origin,phase-data,",,,,2025-07-07 19:50:56.309643+07:00,Light,,,,Monday,13
ci41015847,"10 km NE of Indio, CA",1.01,2025-07-07 13:07:01.530000+07:00,2025-07-07 13:10:21.837000+07:00,33.778,-116.1293333,5.26,0,16,automatic,,",nearby-cities,origin,phase-data,scitech-link,",,,,2025-07-07 19:50:56.310022+07:00,Micro,,California,United States,Monday,13
ci41015831,"6 km WSW of Anza, CA",1.73,2025-07-07 13:01:30.010000+07:00,2025-07-07 13:05:00.788000+07:00,33.5275,-116.7311667,5.66,0,46,automatic,,",nearby-cities,origin,phase-data,scitech-link,",,,,2025-07-07 19:50:56.310365+07:00,Micro,,California,United States,Monday,13
nc75206522,"8 km NNW of The Geysers, CA",1.08,2025-07-07 12:57:05.370000+07:00,2025-07-07 12:58:42.300000+07:00,38.8274993896484,-122.814666748047,2.16000008583069,0,18,automatic,,",nearby-cities,origin,phase-data,",,,,2025-07-07 19:50:56.310730+07:00,Micro,,California,United States,Monday,12
nc75206517,"6 km WNW of Cobb, CA",1.09,2025-07-07 12:43:57.130000+07:00,2025-07-07 12:45:31.726000+07:00,38.8248329162598,-122.78783416748,1.42999994754791,0,18,automatic,,",nearby-cities,origin,phase-data,",,,,2025-07-07 19:50:56.311077+07:00,Micro,,California,United States,Monday,12
tx2025nfsdkr,"56 km S of Whites City, New Mexico",1.8,2025-07-07 12:42:08.748000+07:00,2025-07-07 12:46:03.994000+07:00,31.672,-104.315,5.1067,0,50,automatic,,",origin,phase-data,",,,,2025-07-07 19:50:56.311440+07:00,Micro,,Texas,United States,Monday,12
tx2025nfsdiy,"56 km S of Whites City, New Mexico",1.8,2025-07-07 12:42:08.028000+07:00,2025-07-07 18:57:23.938000+07:00,31.665,-104.32,6.7535,0,50,reviewed,,",origin,phase-data,",,,,2025-07-07 19:50:56.311822+07:00,Micro,,Texas,United States,Monday,12
nc75206512,"10 km WNW of Cobb, CA",0.21,2025-07-07 12:29:24.590000+07:00,2025-07-07 12:31:01.522000+07:00,38.8443336486816,-122.83683013916,1.83000004291534,0,1,automatic,,",nearby-cities,origin,phase-data,",,,,2025-07-07 19:50:56.312213+07:00,Micro,,California,United States,Monday,12
nn00900193,"22 km NNE of Indian Springs, Nevada",0.7,2025-07-07 12:18:52.027000+07:00,2025-07-07 12:20:57.802000+07:00,36.7523,-115.5669,2.3,0,8,automatic,,",origin,phase-data,",,,,2025-07-07 19:50:56.312552+07:00,Micro,,Nevada,United States,Monday,12
nc75206507,"16 km ESE of Willows, CA",2.6,2025-07-07 12:15:54.510000+07:00,2025-07-07 12:52:15.499000+07:00,39.5048332214355,-122.014663696289,24.75,0,104,automatic,,",nearby-cities,origin,phase-data,scitech-link,",,,,2025-07-07 19:50:56.312916+07:00,Minor,,California,United States,Monday,12
ak0258n02n1s,"67 km W of Tyonek, Alaska",1.2,2025-07-07 12:10:39.200000+07:00,2025-07-07 12:12:34.540000+07:00,61.0408,-152.3908,112.9,0,22,automatic,,",origin,phase-data,",,,,2025-07-07 19:50:56.313290+07:00,Micro,,Alaska,United States,Monday,12
us7000qb38,"82 km E of Wāngjing, India",4.4,2025-07-07 12:10:21.100000+07:00,2025-07-07 13:23:42.040000+07:00,24.6683,94.87,98.729,0,298,reviewed,,",origin,phase-data,",,,,2025-07-07 19:50:56.313665+07:00,Light,,စစ်ကိုင်းတိုင်း,မြန်မာ,Monday,12
ak0258n00ovi,"40 km W of Cantwell, Alaska",1.5,2025-07-07 12:01:29.742000+07:00,2025-07-07 12:15:56.249000+07:00,63.4102,-149.7596,0.0,0,35,automatic,,",dyfi,origin,phase-data,",1.0,1.0,,2025-07-07 19:50:56.314146+07:00,Micro,,Alaska,United States,Monday,12
us7000qb37,"273 km SSW of Cilacap, Indonesia",4.9,2025-07-07 12:00:24.399000+07:00,2025-07-07 12:52:50.040000+07:00,-10.1513,108.5128,10.0,0,369,reviewed,,",origin,phase-data,",,,,2025-07-07 19:50:56.315001+07:00,Light,,,,Monday,12
nc75206502,"6 km NNW of The Geysers, CA",1.06,2025-07-07 11:53:21.170000+07:00,2025-07-07 11:54:56.324000+07:00,38.8213348388672,-122.798667907715,2.83999991416931,0,17,automatic,,",nearby-cities,origin,phase-data,",,,,2025-07-07 19:50:56.315427+07:00,Micro,,California,United States,Monday,11
ak0258mzq4ol,"41 km W of Skwentna, Alaska",2.4,2025-07-07 11:52:02.453000+07:00,2025-07-07 11:53:46.582000+07:00,62.0288,-152.1838,5.7,0,89,automatic,,",origin,phase-data,",,,,2025-07-07 19:50:56.315821+07:00,Minor,,Alaska,United States,Monday,11
nc75206492,"6 km NNW of The Geysers, CA",1.47,2025-07-07 11:48:47.970000+07:00,2025-07-07 12:22:17.273000+07:00,38.8213348388672,-122.798164367676,2.90000009536743,0,33,automatic,,",focal-mechanism,nearby-cities,origin,phase-data,scitech-link,",,,,2025-07-07 19:50:56.318145+07:00,Micro,,California,United States,Monday,11
ci41015815,"1 km WNW of Cudahy, CA",2.14,2025-07-07 11:31:36+07:00,2025-07-07 15:21:54.440000+07:00,33.9643333,-118.1996667,14.97,0,73,automatic,,",dyfi,focal-mechanism,nearby-cities,origin,phase-data,scitech-link,",10.0,2.7,,2025-07-07 19:50:56.319156+07:00,Minor,,California,United States,Monday,11
ci41015799,"5 km WSW of Anza, CA",0.45,2025-07-07 11:21:40.230000+07:00,2025-07-07 11:25:02.889000+07:00,33.5348333,-116.7213333,5.71,0,3,automatic,,",nearby-cities,origin,phase-data,scitech-link,",,,,2025-07-07 19:50:56.319771+07:00,Micro,,California,United States,Monday,11
tx2025nfpkrx,"38 km NNW of Toyah, Texas",1.9,2025-07-07 11:20:06.682000+07:00,2025-07-07 17:16:48.393000+07:00,31.617,-103.998,7.9071,0,56,reviewed,,",origin,phase-data,",,,,2025-07-07 19:50:56.320198+07:00,Micro,,Texas,United States,Monday,11
tx2025nfpiai,"19 km NW of Midland, Texas",0.7,2025-07-07 11:16:58.044000+07:00,2025-07-07 19:23:57.823000+07:00,32.129,-102.214,5.8838,0,8,reviewed,,",origin,phase-data,",,,,2025-07-07 19:50:56.320570+07:00,Micro,,Texas,United States,Monday,11
ci41015783,"6 km WSW of Anza, CA",0.87,2025-07-07 11:06:29.260000+07:00,2025-07-07 11:09:57.769000+07:00,33.5291667,-116.7343333,3.83,0,12,automatic,,",nearby-cities,origin,phase-data,scitech-link,",,,,2025-07-07 19:50:56.320960+07:00,Micro,,California,United States,Monday,11
tx2025nfowtm,"38 km NNW of Toyah, Texas",1.6,2025-07-07 11:03:53.178000+07:00,2025-07-07 16:31:30.359000+07:00,31.611,-104.0,7.8815,0,39,reviewed,,",origin,phase-data,",,,,2025-07-07 19:50:56.321343+07:00,Micro,,Texas,United States,Monday,11
nc75206487,"6 km WNW of Cobb, CA",0.32,2025-07-07 10:45:18.370000+07:00,2025-07-07 16:31:18.203000+07:00,38.8253333333333,-122.787,1.7,0,2,reviewed,,",nearby-cities,origin,phase-data,",,,,2025-07-07 19:50:56.321782+07:00,Micro,,California,United States,Monday,10
tx2025nfochh,"26 km S of Westbrook, Texas",1.3,2025-07-07 10:40:08.393000+07:00,2025-07-07 19:35:05.888000+07:00,32.116,-101.037,7.0068,0,26,reviewed,,",origin,phase-data,",,,,2025-07-07 19:50:56.322206+07:00,Micro,,Texas,United States,Monday,10
ci41015767,"8 km NNE of Aguanga, CA",0.55,2025-07-07 10:22:21.850000+07:00,2025-07-07 10:25:52.518000+07:00,33.513,-116.8328333,21.33,0,5,automatic,,",nearby-cities,origin,phase-data,scitech-link,",,,,2025-07-07 19:50:56.322569+07:00,Micro,,California,United States,Monday,10
tx2025nfnjjy,"21 km WSW of Garden City, Texas",1.1,2025-07-07 10:18:30.840000+07:00,2025-07-07 18:14:32.039000+07:00,31.779,-101.68,2.2639,0,19,automatic,,",origin,phase-data,",,,,2025-07-07 19:50:56.322957+07:00,Micro,,Texas,United States,Monday,10
tx2025nfnhhz,"56 km S of Whites City, New Mexico",1.7,2025-07-07 10:15:49.625000+07:00,2025-07-07 17:53:58.232000+07:00,31.67,-104.371,6.8689,0,44,reviewed,,",origin,phase-data,",,,,2025-07-07 19:50:56.323320+07:00,Micro,,Texas,United States,Monday,10
ci41015759,"23 km ENE of Arvin, CA",1.01,2025-07-07 10:05:35.540000+07:00,2025-07-07 10:09:08.561000+07:00,35.3073333,-118.604,7.5,0,16,automatic,,",nearby-cities,origin,phase-data,scitech-link,",,,,2025-07-07 19:50:56.323661+07:00,Micro,,California,United States,Monday,10
us7000qb2x,"106 km N of Tatsugō, Japan",4.7,2025-07-07 10:02:15.552000+07:00,2025-07-07 10:16:13.040000+07:00,29.4029,129.4921,10.0,0,340,reviewed,,",origin,phase-data,",,,,2025-07-07 19:50:56.324012+07:00,Light,,,日本,Monday,10
tx2025nfmlvj,"56 km S of Whites City, New Mexico",2.0,2025-07-07 09:50:54.437000+07:00,2025-07-07 17:37:59.137000+07:00,31.664,-104.369,7.2278,0,62,reviewed,,",origin,phase-data,",,,,2025-07-07 19:50:56.324398+07:00,Minor,,Texas,United States,Monday,9
nn00900190,"9 km E of Shoshone, California",0.9,2025-07-07 09:44:39.122000+07:00,2025-07-07 09:46:56.789000+07:00,35.9869,-116.1687,9.2,0,12,automatic,,",origin,phase-data,",,,,2025-07-07 19:50:56.324851+07:00,Micro,,California,United States,Monday,9
tx2025nfkqzs,"56 km S of Whites City, New Mexico",1.5,2025-07-07 08:56:37.095000+07:00,2025-07-07 17:29:47.087000+07:00,31.667,-104.321,6.9714,0,35,reviewed,,",origin,phase-data,",,,,2025-07-07 19:50:56.325232+07:00,Micro,,Texas,United States,Monday,8
nc75206457,"3 km W of Cobb, CA",0.36,2025-07-07 08:48:37.360000+07:00,2025-07-07 16:26:15.999000+07:00,38.8166666666667,-122.7615,1.76,0,2,reviewed,,",nearby-cities,origin,phase-data,",,,,2025-07-07 19:50:56.325582+07:00,Micro,,California,United States,Monday,8
tx2025nfkfxx,"56 km S of Whites City, New Mexico",1.6,2025-07-07 08:43:40.209000+07:00,2025-07-07 17:42:13.160000+07:00,31.668,-104.321,6.9714,0,39,reviewed,,",origin,phase-data,",,,,2025-07-07 19:50:56.325937+07:00,Micro,,Texas,United States,Monday,8
tx2025nfkdwh,"56 km S of Whites City, New Mexico",2.1,2025-07-07 08:41:16.754000+07:00,2025-07-07 10:02:24.241000+07:00,31.666,-104.324,6.0999,0,68,reviewed,,",origin,phase-data,",,,,2025-07-07 19:50:56.327016+07:00,Minor,,Texas,United States,Monday,8
tx2025nfkaqk,"34 km E of McKinney Acres, Texas",0.7,2025-07-07 08:37:33.262000+07:00,2025-07-07 19:32:11.873000+07:00,32.361,-102.166,7.251,0,8,reviewed,,",origin,phase-data,",,,,2025-07-07 19:50:56.327477+07:00,Micro,,Texas,United States,Monday,8
tx2025nfjvpl,"20 km NW of Stanton, Texas",0.9,2025-07-07 08:31:48.203000+07:00,2025-07-07 18:32:39.570000+07:00,32.259,-101.943,7.6904,0,12,reviewed,,",origin,phase-data,",,,,2025-07-07 19:50:56.327818+07:00,Micro,,Texas,United States,Monday,8
nc75206442,"3 km NNE of Laytonville, CA",2.07,2025-07-07 08:29:42.010000+07:00,2025-07-07 08:52:17.719000+07:00,39.7159996032715,-123.474998474121,6.86999988555908,0,66,automatic,,",focal-mechanism,nearby-cities,origin,phase-data,scitech-link,",,,,2025-07-07 19:50:56.328190+07:00,Minor,,California,United States,Monday,8
ci41015735,"2 km ESE of Lake Henshaw, CA",1.04,2025-07-07 08:08:46.310000+07:00,2025-07-07 08:12:39.431000+07:00,33.2316667,-116.739,10.93,0,17,automatic,,",nearby-cities,origin,phase-data,scitech-link,",,,,2025-07-07 19:50:56.328556+07:00,Micro,,California,United States,Monday,8
ci41015727,"15 km ENE of Indio, CA",1.27,2025-07-07 08:08:41.610000+07:00,2025-07-07 08:12:13.429000+07:00,33.7883333,-116.0806667,2.13,0,25,automatic,,",nearby-cities,origin,phase-data,scitech-link,",,,,2025-07-07 19:50:56.328874+07:00,Micro,,California,United States,Monday,8
tx2025nfitdp,"61 km S of Whites City, New Mexico",1.2,2025-07-07 07:58:40.415000+07:00,2025-07-07 18:26:59.544000+07:00,31.624,-104.365,6.4075,0,22,reviewed,,",origin,phase-data,",,,,2025-07-07 19:50:56.329219+07:00,Micro,,Texas,United States,Monday,7
ci41015703,"1 km SE of Devore, CA",0.87,2025-07-07 07:44:26.800000+07:00,2025-07-07 07:47:50.690000+07:00,34.211,-117.3928333,12.67,0,12,automatic,,",nearby-cities,origin,phase-data,scitech-link,",,,,2025-07-07 19:50:56.329545+07:00,Micro,San Bernardino,California,United States,Monday,7
tx2025nfifsm,"18 km NW of Toyah, Texas",1.4,2025-07-07 07:43:05.418000+07:00,2025-07-07 18:38:33.465000+07:00,31.429,-103.94,1.8958,0,30,reviewed,,",origin,phase-data,",,,,2025-07-07 19:50:56.329868+07:00,Micro,,Texas,United States,Monday,7
nn00900188,"39 km SSE of Dyer, Nevada",0.8,2025-07-07 07:37:08.616000+07:00,2025-07-07 07:39:45.039000+07:00,37.3369,-117.8926,4.1,0,10,automatic,,",origin,phase-data,",,,,2025-07-07 19:50:56.330221+07:00,Micro,,California,United States,Monday,7
nc75206432,"3 km ESE of The Geysers, CA",0.99,2025-07-07 07:31:02.780000+07:00,2025-07-07 07:32:36.129000+07:00,38.7763328552246,-122.726501464844,1.37000000476837,0,15,automatic,,",nearby-cities,origin,phase-data,",,,,2025-07-07 19:50:56.330559+07:00,Micro,,California,United States,Monday,7
us7000qb2l,"Pearl and Hermes Atoll region, Hawaii",4.5,2025-07-07 07:27:15.640000+07:00,2025-07-07 09:30:05.040000+07:00,27.1765,-175.2248,10.0,0,312,reviewed,,",origin,phase-data,",,,,2025-07-07 19:50:56.330879+07:00,Light,,,,Monday,7
ak0258mx6lu5,"12 km N of Nikiski, Alaska",1.3,2025-07-07 07:25:01.259000+07:00,2025-07-07 07:26:29.297000+07:00,60.8007,-151.2715,66.2,0,26,automatic,,",origin,phase-data,",,,,2025-07-07 19:50:56.331234+07:00,Micro,,Alaska,United States,Monday,7
nn00900183,"46 km S of Caliente, Nevada",2.2,2025-07-07 07:23:12.820000+07:00,2025-07-07 07:25:46.620000+07:00,37.2038,-114.6059,15.9,0,74,automatic,,",origin,phase-data,",,,,2025-07-07 19:50:56.331563+07:00,Minor,,Nevada,United States,Monday,7
nn00900184,"43 km SSE of Caliente, Nevada",2.5,2025-07-07 07:22:53.859000+07:00,2025-07-07 07:25:35.240000+07:00,37.2406,-114.3575,16.0,0,96,automatic,,",origin,phase-data,",,,,2025-07-07 19:50:56.331882+07:00,Minor,,Nevada,United States,Monday,7
tx2025nfhllg,"56 km S of Whites City, New Mexico",1.7,2025-07-07 07:19:59.453000+07:00,2025-07-07 17:34:14.112000+07:00,31.669,-104.368,6.4587,0,44,reviewed,,",origin,phase-data,",,,,2025-07-07 19:50:56.332237+07:00,Micro,,Texas,United States,Monday,7
nc75206427,"7 km NNW of The Geysers, CA",1.69,2025-07-07 07:18:20.080000+07:00,2025-07-07 07:52:18.290000+07:00,38.8208351135254,-122.810997009277,3.07999992370605,0,44,automatic,,",focal-mechanism,nearby-cities,origin,phase-data,scitech-link,",,,,2025-07-07 19:50:56.332578+07:00,Micro,,California,United States,Monday,7
tx2025nfhian,"36 km ESE of Malaga, New Mexico",2.4,2025-07-07 07:15:35.614000+07:00,2025-07-07 17:48:37.207000+07:00,32.064,-103.731,8.0353,0,89,reviewed,,",origin,phase-data,",,,,2025-07-07 19:50:56.332927+07:00,Minor,,New Mexico,United States,Monday,7
tx2025nfgzev,"56 km S of Whites City, New Mexico",2.1,2025-07-07 07:05:20.887000+07:00,2025-07-07 10:17:04.193000+07:00,31.67,-104.377,6.6638,0,68,reviewed,,",origin,phase-data,",,,,2025-07-07 19:50:56.333256+07:00,Minor,,Texas,United States,Monday,7
ok2025ndrc,"8 km NW of Prague, Oklahoma",1.45,2025-07-07 07:00:46.409000+07:00,2025-07-07 19:33:08.630000+07:00,35.53466667,-96.756,6.63,0,32,reviewed,,",origin,phase-data,",,,,2025-07-07 19:50:56.333579+07:00,Micro,,Oklahoma,United States,Monday,7
nc75206422,"6 km WNW of Cobb, CA",0.7,2025-07-07 06:58:55.850000+07:00,2025-07-07 07:00:31.992000+07:00,38.837833404541,-122.785499572754,1.87999999523163,0,8,automatic,,",nearby-cities,origin,phase-data,",,,,2025-07-07 19:50:56.333919+07:00,Micro,,California,United States,Monday,6
nc75206417,"7 km NNW of The Geysers, CA",0.43,2025-07-07 06:46:31.320000+07:00,2025-07-07 16:23:14.507000+07:00,38.8258333333333,-122.806833333333,2.72,0,3,reviewed,,",nearby-cities,origin,phase-data,",,,,2025-07-07 19:50:56.334738+07:00,Micro,,California,United States,Monday,6
ak0258lnfacf,"61 km WNW of Petersville, Alaska",1.6,2025-07-07 06:39:27.995000+07:00,2025-07-07 06:41:28.360000+07:00,62.7547,-151.8141,1.7,0,39,automatic,,",origin,phase-data,",,,,2025-07-07 19:50:56.335102+07:00,Micro,,Alaska,United States,Monday,6
ak0258lndydb,"111 km S of McCarthy, Alaska",2.3,2025-07-07 06:33:06.230000+07:00,2025-07-07 06:35:34.784000+07:00,60.4457,-143.2552,13.6,0,81,automatic,,",origin,phase-data,",,,,2025-07-07 19:50:56.335429+07:00,Minor,,Alaska,United States,Monday,6
tx2025nfeyyz,"56 km S of Whites City, New Mexico",2.4,2025-07-07 06:04:59.362000+07:00,2025-07-07 11:12:42.770000+07:00,31.664,-104.371,6.0999,0,89,reviewed,,",origin,phase-data,",,,,2025-07-07 19:50:56.335747+07:00,Minor,,Texas,United States,Monday,6
tx2025nferio,"34 km E of McKinney Acres, Texas",0.8,2025-07-07 05:58:46.554000+07:00,2025-07-07 19:37:36.905000+07:00,32.363,-102.166,6.958,0,10,reviewed,,",origin,phase-data,",,,,2025-07-07 19:50:56.336068+07:00,Micro,,Texas,United States,Monday,5
tx2025nferhp,"34 km E of McKinney Acres, Texas",0.9,2025-07-07 05:55:51.252000+07:00,2025-07-07 19:11:56.434000+07:00,32.361,-102.166,7.6416,0,12,reviewed,,",origin,phase-data,",,,,2025-07-07 19:50:56.336463+07:00,Micro,,Texas,United States,Monday,5
nc75206407,"4 km  of The Geysers, CA",0.27,2025-07-07 05:46:10.790000+07:00,2025-07-07 05:47:47.513000+07:00,38.8103332519531,-122.773170471191,1.22000002861023,0,1,automatic,,",nearby-cities,origin,phase-data,",,,,2025-07-07 19:50:56.336787+07:00,Micro,,California,United States,Monday,5
us7000qb29,"14 km W of Dompu, Indonesia",5.0,2025-07-07 05:38:03.839000+07:00,2025-07-07 09:18:32.040000+07:00,-8.5391,118.3308,132.368,0,385,reviewed,,",origin,phase-data,",,,,2025-07-07 19:50:56.337111+07:00,Light,,Nusa Tenggara Barat,Indonesia,Monday,5
ci41015663,"9 km ESE of Ocotillo Wells, CA",0.63,2025-07-07 05:05:30.450000+07:00,2025-07-07 05:08:53.898000+07:00,33.1031667,-116.0531667,11.09,0,6,automatic,,",nearby-cities,origin,phase-data,scitech-link,",,,,2025-07-07 19:50:56.337425+07:00,Micro,,California,United States,Monday,5
tx2025nfcuze,"16 km SW of Gail, Texas",1.2,2025-07-07 04:59:45.690000+07:00,2025-07-07 05:02:47.449000+07:00,32.672,-101.575,5.0,0,22,automatic,,",origin,phase-data,",,,,2025-07-07 19:50:56.337718+07:00,Micro,,Texas,United States,Monday,4
nc75206397,"2 km NNW of The Geysers, CA",1.06,2025-07-07 04:48:51.730000+07:00,2025-07-07 04:50:27.061000+07:00,38.7883338928223,-122.769996643066,3.75999999046326,0,17,automatic,,",nearby-cities,origin,phase-data,",,,,2025-07-07 19:50:56.338030+07:00,Micro,,California,United States,Monday,4
ak0258lm72wg,"17 km ESE of Beluga, Alaska",1.6,2025-07-07 04:33:02.886000+07:00,2025-07-07 04:35:58.752000+07:00,61.0791,-150.7773,15.7,0,39,automatic,,",origin,phase-data,",,,,2025-07-07 19:50:56.338354+07:00,Micro,,Alaska,United States,Monday,4
uw62133447,"8 km WNW of La Conner, Washington",2.11999989,2025-07-07 04:31:22.050000+07:00,2025-07-07 05:05:53.126000+07:00,48.4288330078125,-122.59149932861328,20.7099990844727,0,69,automatic,,",dyfi,origin,phase-data,",1.0,2.0,,2025-07-07 19:50:56.338665+07:00,Minor,,Washington,United States,Monday,4
ak0258lm463q,"9 km N of Healy, Alaska",1.3,2025-07-07 04:19:44.703000+07:00,2025-07-07 04:21:46.064000+07:00,63.9376,-148.9793,115.2,0,26,automatic,,",origin,phase-data,",,,,2025-07-07 19:50:56.338990+07:00,Micro,,Alaska,United States,Monday,4
tx2025nfavnk,"58 km S of Whites City, New Mexico",2.3,2025-07-07 04:00:06.267000+07:00,2025-07-07 08:51:06.789000+07:00,31.655,-104.291,8.9709,0,81,reviewed,,",origin,phase-data,",,,,2025-07-07 19:50:56.339309+07:00,Minor,,Texas,United States,Monday,4
tx2025nfavbk,"28 km S of Westbrook, Texas",1.6,2025-07-07 03:59:30.359000+07:00,2025-07-07 06:13:54.687000+07:00,32.098,-100.993,2.1528,0,39,automatic,,",origin,phase-data,",,,,2025-07-07 19:50:56.339629+07:00,Micro,,Texas,United States,Monday,3
ak0258lllh4x,"86 km NNW of Karluk, Alaska",1.0,2025-07-07 03:32:57.516000+07:00,2025-07-07 03:35:43.360000+07:00,58.3135,-154.8451,13.8,0,15,automatic,,",origin,phase-data,",,,,2025-07-07 19:50:56.339923+07:00,Micro,,Alaska,United States,Monday,3
us7000qb20,"65 km NE of ‘Ohonua, Tonga",5.5,2025-07-07 03:31:43.160000+07:00,2025-07-07 05:57:03.194000+07:00,-21.0013,-174.4395,10.0,0,465,reviewed,green,",losspager,moment-tensor,origin,phase-data,shakemap,",,,4.159,2025-07-07 19:50:56.340231+07:00,Moderate,,,,Monday,3
ak0258lll99x,"81 km N of Karluk, Alaska",1.6,2025-07-07 03:31:21.173000+07:00,2025-07-07 03:33:48.435000+07:00,58.3041,-154.4375,10.7,0,39,automatic,,",origin,phase-data,",,,,2025-07-07 19:50:56.340529+07:00,Micro,,Alaska,United States,Monday,3
nc75206387,"5 km NNE of Boonville, CA",1.52,2025-07-07 03:13:28.250000+07:00,2025-07-07 03:47:21.483000+07:00,39.0496673583984,-123.363670349121,-0.379999995231628,0,36,automatic,,",nearby-cities,origin,phase-data,scitech-link,",,,,2025-07-07 19:50:56.341071+07:00,Micro,,California,United States,Monday,3
ci41015607,"5 km W of Imperial, CA",1.3,2025-07-07 03:12:26.810000+07:00,2025-07-07 03:15:53.620000+07:00,32.8413333,-115.6236667,11.66,0,26,automatic,,",nearby-cities,origin,phase-data,scitech-link,",,,,2025-07-07 19:50:56.341970+07:00,Micro,,California,United States,Monday,3
us7000qb1x,"9 km NE of Parrita, Costa Rica",4.7,2025-07-07 02:59:58.807000+07:00,2025-07-07 18:28:01.772000+07:00,9.5798,-84.2646,44.219,0,366,reviewed,,",dyfi,moment-tensor,origin,phase-data,",64.0,4.1,,2025-07-07 19:50:56.342343+07:00,Light,,,Costa Rica,Monday,2
ci41015599,"3 km NE of Rancho Cucamonga, CA",1.63,2025-07-07 02:59:58.050000+07:00,2025-07-07 03:10:58.760000+07:00,34.1391667,-117.5553333,10.59,0,41,automatic,,",focal-mechanism,nearby-cities,origin,phase-data,scitech-link,",,,,2025-07-07 19:50:56.342671+07:00,Micro,Rancho Cucamonga,California,United States,Monday,2
ak0258ll0vq3,"63 km NW of Lake Minchumina, Alaska",1.1,2025-07-07 02:36:14.359000+07:00,2025-07-07 02:38:28.635000+07:00,64.3433,-153.0654,5.7,0,19,automatic,,",origin,phase-data,",,,,2025-07-07 19:50:56.342993+07:00,Micro,,Alaska,United States,Monday,2
ak0258lkw053,"28 km S of Lake Minchumina, Alaska",1.4,2025-07-07 02:13:38.792000+07:00,2025-07-07 02:17:27.250000+07:00,63.624,-152.3201,6.0,0,30,automatic,,",origin,phase-data,",,,,2025-07-07 19:50:56.343317+07:00,Micro,,Alaska,United States,Monday,2
nc75206372,"12 km SE of Pinnacles, CA",2.05,2025-07-07 02:07:07.900000+07:00,2025-07-07 03:56:08.423000+07:00,36.4804992675781,-121.030166625977,8.23999977111816,0,65,automatic,,",dyfi,focal-mechanism,nearby-cities,origin,phase-data,scitech-link,",1.0,2.2,,2025-07-07 19:50:56.343652+07:00,Minor,,California,United States,Monday,2
ci41015583,"10 km N of Delta, B.C., MX",2.54,2025-07-07 01:58:28.450000+07:00,2025-07-07 02:02:01.065000+07:00,32.4485,-115.2105,11.58,0,99,automatic,,",nearby-cities,origin,phase-data,scitech-link,",,,,2025-07-07 19:50:56.343952+07:00,Minor,,Baja California,México,Monday,1
ak0258lkjjlx,"31 km W of Seward, Alaska",1.6,2025-07-07 01:55:25.814000+07:00,2025-07-07 01:56:52.594000+07:00,60.1423,-149.9964,30.8,0,39,automatic,,",origin,phase-data,",,,,2025-07-07 19:50:56.344264+07:00,Micro,,Alaska,United States,Monday,1
ci41015567,"6 km WSW of Anza, CA",0.4,2025-07-07 01:51:40.290000+07:00,2025-07-07 01:55:11.673000+07:00,33.528,-116.7298333,5.88,0,2,automatic,,",nearby-cities,origin,phase-data,scitech-link,",,,,2025-07-07 19:50:56.344593+07:00,Micro,,California,United States,Monday,1
nc75206367,"7 km NW of The Geysers, CA",0.63,2025-07-07 01:12:59.170000+07:00,2025-07-07 01:14:36.232000+07:00,38.8194999694824,-122.817665100098,2.5699999332428,0,6,automatic,,",nearby-cities,origin,phase-data,",,,,2025-07-07 19:50:56.344906+07:00,Micro,,California,United States,Monday,1
nc75206362,"3 km ENE of The Geysers, CA",0.58,2025-07-07 01:11:06.170000+07:00,2025-07-07 01:12:41.303000+07:00,38.7956657409668,-122.731330871582,2.15000009536743,0,5,automatic,,",nearby-cities,origin,phase-data,",,,,2025-07-07 19:50:56.345207+07:00,Micro,,California,United States,Monday,1
ci41015543,"22 km N of Borrego Springs, CA",0.91,2025-07-07 00:54:53.450000+07:00,2025-07-07 00:58:45.386000+07:00,33.4505,-116.4011667,7.7,0,13,automatic,,",nearby-cities,origin,phase-data,scitech-link,",,,,2025-07-07 19:50:56.345614+07:00,Micro,,California,United States,Monday,0
ak0258ljxezc,"37 km SSE of Nelchina, Alaska",1.3,2025-07-07 00:52:01.529000+07:00,2025-07-07 00:53:23.412000+07:00,61.6804,-146.4918,40.8,0,26,automatic,,",origin,phase-data,",,,,2025-07-07 19:50:56.345944+07:00,Micro,,Alaska,United States,Monday,0
nc75206357,"7 km NNW of The Geysers, CA",0.98,2025-07-07 00:47:15.620000+07:00,2025-07-07 00:48:52.052000+07:00,38.8213348388672,-122.809829711914,2.92000007629395,0,15,automatic,,",nearby-cities,origin,phase-data,",,,,2025-07-07 19:50:56.346312+07:00,Micro,,California,United States,Monday,0
tx2025netyxn,"64 km S of Whites City, New Mexico",2.5,2025-07-07 00:32:45.667000+07:00,2025-07-07 05:44:30.763000+07:00,31.598,-104.465,7.3303,0,96,reviewed,,",origin,phase-data,",,,,2025-07-07 19:50:56.346642+07:00,Minor,,Texas,United States,Monday,0
tx2025netxzg,"40 km NW of Toyah, Texas",2.2,2025-07-07 00:31:46.159000+07:00,2025-07-07 05:03:38.477000+07:00,31.55,-104.121,6.5613,0,74,reviewed,,",origin,phase-data,",,,,2025-07-07 19:50:56.346960+07:00,Minor,,Texas,United States,Monday,0
ci41015535,"2 km NW of Loma Linda, CA",1.02,2025-07-07 00:31:05.190000+07:00,2025-07-07 00:34:46.452000+07:00,34.0593333,-117.2713333,16.61,0,16,automatic,,",nearby-cities,origin,phase-data,scitech-link,",,,,2025-07-07 19:50:56.347293+07:00,Micro,San Bernardino,California,United States,Monday,0
nc75206347,"7 km NW of The Geysers, CA",1.19,2025-07-07 00:28:26.820000+07:00,2025-07-07 01:07:20.382000+07:00,38.8126678466797,-122.818664550781,2.46000003814697,0,22,automatic,,",nearby-cities,origin,phase-data,scitech-link,",,,,2025-07-07 19:50:56.347606+07:00,Micro,,California,United States,Monday,0
ak0258ljs2j2,"92 km NNW of Aleneva, Alaska",1.5,2025-07-07 00:27:07.349000+07:00,2025-07-07 00:29:02.200000+07:00,58.8073,-153.6187,8.9,0,35,automatic,,",origin,phase-data,",,,,2025-07-07 19:50:56.347901+07:00,Micro,,Alaska,United States,Monday,0
tx2025netqsb,"22 km NNW of Toyah, Texas",1.8,2025-07-07 00:23:14.013000+07:00,2025-07-07 18:08:48.320000+07:00,31.504,-103.879,6.6638,0,50,reviewed,,",origin,phase-data,",,,,2025-07-07 19:50:56.348217+07:00,Micro,,Texas,United States,Monday,0
ak0258ljr1nw,"24 km N of Skwentna, Alaska",1.3,2025-07-07 00:22:29.569000+07:00,2025-07-07 00:25:11.757000+07:00,62.2075,-151.3547,88.6,0,26,automatic,,",origin,phase-data,",,,,2025-07-07 19:50:56.348530+07:00,Micro,,Alaska,United States,Monday,0
nc75206337,"7 km WNW of Cobb, CA",0.77,2025-07-07 00:19:42.930000+07:00,2025-07-07 00:21:16.737000+07:00,38.8296661376953,-122.803001403809,3.60999989509583,0,9,automatic,,",nearby-cities,origin,phase-data,",,,,2025-07-07 19:50:56.348820+07:00,Micro,,California,United States,Monday,0
nc75206332,"6 km NNW of The Geysers, CA",0.76,2025-07-07 00:18:21.350000+07:00,2025-07-07 00:19:56.843000+07:00,38.8256683349609,-122.797332763672,2.75999999046326,0,9,automatic,,",nearby-cities,origin,phase-data,",,,,2025-07-07 19:50:56.349179+07:00,Micro,,California,United States,Monday,0
ak0258ljmydr,"18 km NW of Petersville, Alaska",1.3,2025-07-07 00:03:20.792000+07:00,2025-07-07 00:05:59.580000+07:00,62.5983,-151.0376,89.2,0,26,automatic,,",origin,phase-data,",,,,2025-07-07 19:50:56.349580+07:00,Micro,,Alaska,United States,Monday,0
ci41015527,"18 km ESE of Anza, CA",0.65,2025-07-06 23:55:31.320000+07:00,2025-07-06 23:58:59.640000+07:00,33.473,-116.5073333,7.16,0,6,automatic,,",nearby-cities,origin,phase-data,scitech-link,",,,,2025-07-07 19:50:56.349918+07:00,Micro,,California,United States,Sunday,23
ci41015519,"6 km NNE of Little Lake, CA",0.93,2025-07-06 23:49:41.740000+07:00,2025-07-06 23:53:09.801000+07:00,35.987,-117.87,16.23,0,13,automatic,,",nearby-cities,origin,phase-data,scitech-link,",,,,2025-07-07 19:50:56.350268+07:00,Micro,,California,United States,Sunday,23
ci41015511,"17 km SE of Julian, CA",0.57,2025-07-06 23:37:42.530000+07:00,2025-07-06 23:41:09.136000+07:00,32.9923333,-116.4536667,11.17,0,5,automatic,,",nearby-cities,origin,phase-data,scitech-link,",,,,2025-07-07 19:50:56.350652+07:00,Micro,,California,United States,Sunday,23
ci41015503,"6 km N of Moreno Valley, CA",0.89,2025-07-06 23:35:35.680000+07:00,2025-07-06 23:39:02.123000+07:00,33.9793333,-117.2233333,12.04,0,12,automatic,,",nearby-cities,origin,phase-data,scitech-link,",,,,2025-07-07 19:50:56.351094+07:00,Micro,Moreno Valley,California,United States,Sunday,23
ak0258lj7q0y,"7 km NNW of Houston, Alaska",1.1,2025-07-06 23:32:14.102000+07:00,2025-07-06 23:34:20.457000+07:00,61.6897,-149.8841,41.6,0,19,automatic,,",origin,phase-data,",,,,2025-07-07 19:50:56.351399+07:00,Micro,,Alaska,United States,Sunday,23
nc75206322,"13 km E of Cloverdale, CA",0.47,2025-07-06 23:28:51.740000+07:00,2025-07-06 23:30:27.487000+07:00,38.8451652526855,-122.880500793457,2.27999997138977,0,3,automatic,,",nearby-cities,origin,phase-data,",,,,2025-07-07 19:50:56.351728+07:00,Micro,,California,United States,Sunday,23
us7000qb1f,"56 km W of Illapel, Chile",4.3,2025-07-06 23:20:15.964000+07:00,2025-07-06 23:45:03.040000+07:00,-31.7102,-71.7639,38.951,0,284,reviewed,,",origin,phase-data,",,,,2025-07-07 19:50:56.352056+07:00,Light,,,Chile,Sunday,23
nc75206317,"18 km SE of Lake Pillsbury, CA",2.4,2025-07-06 23:18:15.780000+07:00,2025-07-06 23:47:19.759000+07:00,39.304500579834,-122.790336608887,4.55999994277954,0,89,automatic,,",focal-mechanism,nearby-cities,origin,phase-data,scitech-link,",,,,2025-07-07 19:50:56.352392+07:00,Minor,,California,United States,Sunday,23
ci41015495,"6 km N of Moreno Valley, CA",1.17,2025-07-06 23:11:13.760000+07:00,2025-07-06 23:21:47.340000+07:00,33.9773333,-117.2191667,12.01,0,21,automatic,,",focal-mechanism,nearby-cities,origin,phase-data,scitech-link,",,,,2025-07-07 19:50:56.352738+07:00,Micro,,California,United States,Sunday,23
nn00900174,"9 km W of Wadsworth, Nevada",1.1,2025-07-06 23:06:51.951000+07:00,2025-07-06 23:09:13.673000+07:00,39.6223,-119.3987,8.7,0,19,automatic,,",origin,phase-data,",,,,2025-07-07 19:50:56.353034+07:00,Micro,,Nevada,United States,Sunday,23
ak0258lj1qq4,"32 km NNE of Paxson, Alaska",1.2,2025-07-06 23:04:23.804000+07:00,2025-07-06 23:06:35.573000+07:00,63.354,-145.3492,0.0,0,22,automatic,,",origin,phase-data,",,,,2025-07-07 19:50:56.353330+07:00,Micro,,Alaska,United States,Sunday,23
ci41015487,"9 km SE of Running Springs, CA",1.03,2025-07-06 23:01:18.070000+07:00,2025-07-06 23:04:44.940000+07:00,34.1581667,-117.0323333,8.52,0,16,automatic,,",nearby-cities,origin,phase-data,scitech-link,",,,,2025-07-07 19:50:56.353656+07:00,Micro,,California,United States,Sunday,23
ak0258lis1or,"29 km NNE of Paxson, Alaska",1.6,2025-07-06 22:59:00.271000+07:00,2025-07-06 23:00:55.940000+07:00,63.3435,-145.4577,2.2,0,39,automatic,,",origin,phase-data,",,,,2025-07-07 19:50:56.353954+07:00,Micro,,Alaska,United States,Sunday,22
nc75206307,"11 km SE of Pinnacles, CA",1.99,2025-07-06 22:58:05.280000+07:00,2025-07-06 23:32:18.642000+07:00,36.4761657714844,-121.040664672852,6.8899998664856,0,61,automatic,,",nearby-cities,origin,phase-data,scitech-link,",,,,2025-07-07 19:50:56.354247+07:00,Micro,,California,United States,Sunday,22
nc75206302,"7 km NNW of The Geysers, CA",0.32,2025-07-06 22:57:07.700000+07:00,2025-07-07 16:18:42.760000+07:00,38.8258333333333,-122.800666666667,3.87,0,2,reviewed,,",nearby-cities,origin,phase-data,",,,,2025-07-07 19:50:56.354576+07:00,Micro,,California,United States,Sunday,22
nc75206297,"7 km NW of The Geysers, CA",0.74,2025-07-06 22:53:00.270000+07:00,2025-07-06 22:54:37.277000+07:00,38.8095016479492,-122.820167541504,3.09999990463257,0,8,automatic,,",nearby-cities,origin,phase-data,",,,,2025-07-07 19:50:56.354869+07:00,Micro,,California,United States,Sunday,22
ak0258liqkb7,"21 km NNE of Nikiski, Alaska",2.1,2025-07-06 22:52:08.515000+07:00,2025-07-06 22:53:41.713000+07:00,60.8546,-151.0763,55.0,0,68,automatic,,",origin,phase-data,",,,,2025-07-07 19:50:56.355159+07:00,Minor,,Alaska,United States,Sunday,22
tx2025neqlok,"52 km S of Whites City, New Mexico",2.1,2025-07-06 22:46:49.114000+07:00,2025-07-06 22:50:26.308000+07:00,31.7,-104.417,12.2903,0,68,automatic,,",origin,phase-data,",,,,2025-07-07 19:50:56.355477+07:00,Minor,,Texas,United States,Sunday,22
ci41015471,"7 km N of Moreno Valley, CA",0.68,2025-07-06 22:45:41.210000+07:00,2025-07-06 22:49:02.840000+07:00,33.9865,-117.2248333,12.94,0,7,automatic,,",nearby-cities,origin,phase-data,scitech-link,",,,,2025-07-07 19:50:56.355767+07:00,Micro,,California,United States,Sunday,22
nc75206292,"4 km WNW of Cobb, CA",0.51,2025-07-06 22:42:51.860000+07:00,2025-07-07 16:15:41.407000+07:00,38.8235,-122.7675,2.38,0,4,reviewed,,",nearby-cities,origin,phase-data,",,,,2025-07-07 19:50:56.356056+07:00,Micro,,California,United States,Sunday,22
ak0258linc5z,"53 km ESE of Denali National Park, Alaska",1.3,2025-07-06 22:37:03.276000+07:00,2025-07-06 22:39:01.623000+07:00,63.4037,-150.6908,29.6,0,26,automatic,,",origin,phase-data,",,,,2025-07-07 19:50:56.356381+07:00,Micro,,Alaska,United States,Sunday,22
nc75206287,"8 km NNW of The Geysers, CA",1.29,2025-07-06 22:33:31.710000+07:00,2025-07-06 23:07:19.472000+07:00,38.8276672363281,-122.814666748047,1.76999998092651,0,26,automatic,,",nearby-cities,origin,phase-data,scitech-link,",,,,2025-07-07 19:50:56.356675+07:00,Micro,,California,United States,Sunday,22
ak0258lily38,"43 km S of Skwentna, Alaska",1.0,2025-07-06 22:30:54.289000+07:00,2025-07-06 22:33:06.447000+07:00,61.5986,-151.4185,72.9,0,15,automatic,,",origin,phase-data,",,,,2025-07-07 19:50:56.356966+07:00,Micro,,Alaska,United States,Sunday,22
us7000qb0n,"94 km SE of Beauséjour, Guadeloupe",4.4,2025-07-06 22:29:24.568000+07:00,2025-07-06 23:18:23.040000+07:00,15.7406,-60.4156,10.0,0,298,reviewed,,",origin,phase-data,",,,,2025-07-07 19:50:56.357278+07:00,Light,,,,Sunday,22
nc75206282,"8 km NNW of The Geysers, CA",1.08,2025-07-06 22:20:05.650000+07:00,2025-07-06 22:23:51.072000+07:00,38.8273315429688,-122.814834594727,1.61000001430511,0,18,automatic,,",dyfi,nearby-cities,origin,phase-data,",1.0,0.0,,2025-07-07 19:50:56.357623+07:00,Micro,,California,United States,Sunday,22
tx2025neplxi,"40 km NW of Toyah, Texas",2.1,2025-07-06 22:17:00.065000+07:00,2025-07-07 09:45:20.253000+07:00,31.539,-104.135,9.0222,0,68,reviewed,,",origin,phase-data,",,,,2025-07-07 19:50:56.358082+07:00,Minor,,Texas,United States,Sunday,22
us7000qb0k,"93 km N of Tatsugō, Japan",4.9,2025-07-06 22:12:07.253000+07:00,2025-07-06 22:29:26.040000+07:00,29.2855,129.6924,10.0,0,369,reviewed,,",origin,phase-data,",,,,2025-07-07 19:50:56.358469+07:00,Light,,,日本,Sunday,22
tx2025nepflz,"55 km S of Whites City, New Mexico",2.0,2025-07-06 22:09:43.124000+07:00,2025-07-07 11:45:01.429000+07:00,31.68,-104.408,6.9202,0,62,reviewed,,",origin,phase-data,",,,,2025-07-07 19:50:56.358846+07:00,Minor,,Texas,United States,Sunday,22
us7000qb0l,"99 km N of Tatsugō, Japan",4.7,2025-07-06 22:08:47.396000+07:00,2025-07-06 22:33:39.040000+07:00,29.3457,129.4805,10.0,0,340,reviewed,,",origin,phase-data,",,,,2025-07-07 19:50:56.359261+07:00,Light,,,日本,Sunday,22
ak0258ligi0u,"22 km N of Nikiski, Alaska",2.3,2025-07-06 22:05:13.266000+07:00,2025-07-06 23:22:09.040000+07:00,60.8909,-151.3627,62.5,0,81,automatic,,",origin,phase-data,",,,,2025-07-07 19:50:56.359698+07:00,Minor,,Alaska,United States,Sunday,22
hv74717657,"10 km S of Volcano, Hawaii",2.94,2025-07-06 22:04:01.960000+07:00,2025-07-07 00:27:49.196000+07:00,19.349666595459,-155.218002319336,6.40999984741211,0,134,automatic,,",dyfi,origin,phase-data,",5.0,2.2,,2025-07-07 19:50:56.360082+07:00,Minor,,Hawaii,United States,Sunday,22
us7000qb0g,"94 km N of Tatsugō, Japan",4.7,2025-07-06 21:50:43.425000+07:00,2025-07-06 23:28:42.040000+07:00,29.2972,129.4884,10.0,0,340,reviewed,,",origin,phase-data,",,,,2025-07-07 19:50:56.360643+07:00,Light,,,日本,Sunday,21
ak0258li4oog,"35 km SE of Cordova, Alaska",1.6,2025-07-06 21:50:00.809000+07:00,2025-07-06 21:52:04.535000+07:00,60.2999,-145.3315,2.6,0,39,automatic,,",origin,phase-data,",,,,2025-07-07 19:50:56.360975+07:00,Micro,,Alaska,United States,Sunday,21
us7000qb0e,"102 km N of Tatsugō, Japan",4.6,2025-07-06 21:44:00.347000+07:00,2025-07-06 22:20:56.040000+07:00,29.3582,129.3978,10.0,0,326,reviewed,,",origin,phase-data,",,,,2025-07-07 19:50:56.361308+07:00,Light,,,日本,Sunday,21
us7000qb0d,"93 km N of Xinyuan, China",4.7,2025-07-06 21:34:20.748000+07:00,2025-07-06 22:13:04.040000+07:00,44.2659,83.3801,10.0,0,340,reviewed,,",origin,phase-data,",,,,2025-07-07 19:50:56.361629+07:00,Light,,新疆维吾尔自治区 شىنجاڭ ئۇيغۇر ئاپتونوم رايونی,中国,Sunday,21
tx2025nensea,"14 km SSW of Lindsay, Texas",1.5,2025-07-06 21:23:55.164000+07:00,2025-07-06 21:28:05.037000+07:00,31.253,-103.615,5.3419,0,35,automatic,,",origin,phase-data,",,,,2025-07-07 19:50:56.361924+07:00,Micro,,Texas,United States,Sunday,21
tx2025nenoaj,"53 km W of Mentone, Texas",1.8,2025-07-06 21:19:06.092000+07:00,2025-07-07 08:27:28.983000+07:00,31.706,-104.168,7.0099,0,50,reviewed,,",origin,phase-data,",,,,2025-07-07 19:50:56.362216+07:00,Micro,,Texas,United States,Sunday,21
tx2025nenjdr,"26 km S of Westbrook, Texas",1.4,2025-07-06 21:13:27.194000+07:00,2025-07-07 18:43:27.849000+07:00,32.119,-101.047,3.4424,0,30,reviewed,,",origin,phase-data,",,,,2025-07-07 19:50:56.362550+07:00,Micro,,Texas,United States,Sunday,21
ci41015439,"5 km S of Calimesa, CA",1.67,2025-07-06 20:59:20.270000+07:00,2025-07-06 21:10:11.360000+07:00,33.9445,-117.0528333,16.45,0,43,automatic,,",focal-mechanism,nearby-cities,origin,phase-data,scitech-link,",,,,2025-07-07 19:50:56.362848+07:00,Micro,,California,United States,Sunday,20
ci41015431,"3 km SSW of Westwood, CA",1.35,2025-07-06 20:50:55.860000+07:00,2025-07-06 21:02:07.100000+07:00,34.0316667,-118.4478333,9.77,0,28,automatic,,",focal-mechanism,nearby-cities,origin,phase-data,scitech-link,",,,,2025-07-07 19:50:56.363145+07:00,Micro,Los Angeles,California,United States,Sunday,20
hv74717627,"12 km SW of Pa‘auilo, Hawaii",2.12,2025-07-06 20:49:13.190000+07:00,2025-07-06 20:52:48.540000+07:00,19.949499130249,-155.443328857422,35.060001373291,0,69,automatic,,",origin,phase-data,",,,,2025-07-07 19:50:56.363463+07:00,Minor,,Hawaii,United States,Sunday,20
tx2025nemkif,"57 km S of Whites City, New Mexico",2.0,2025-07-06 20:44:37.923000+07:00,2025-07-07 11:31:49.830000+07:00,31.657,-104.431,5.8435,0,62,reviewed,,",origin,phase-data,",,,,2025-07-07 19:50:56.363740+07:00,Minor,,Texas,United States,Sunday,20
us7000qb08,"137 km NE of Hihifo, Tonga",4.8,2025-07-06 20:33:52.551000+07:00,2025-07-07 01:56:57.860000+07:00,-15.0718,-172.8908,88.582,0,355,reviewed,,",dyfi,origin,phase-data,",3.0,3.0,,2025-07-07 19:50:56.364014+07:00,Light,,,,Sunday,20
us7000qb07,"11 km SW of Piedecuesta, Colombia",4.4,2025-07-06 20:29:23.927000+07:00,2025-07-06 21:03:02.040000+07:00,6.913,-73.1182,151.38,0,298,reviewed,,",origin,phase-data,",,,,2025-07-07 19:50:56.364404+07:00,Light,,Santander,Colombia,Sunday,20
ci41015423,"4 km NNE of Twentynine Palms, CA",0.8,2025-07-06 20:25:35.630000+07:00,2025-07-06 20:29:04.019000+07:00,34.1685,-116.0488333,8.56,0,10,automatic,,",nearby-cities,origin,phase-data,scitech-link,",,,,2025-07-07 19:50:56.364734+07:00,Micro,,California,United States,Sunday,20
ak0258lhdw90,"68 km SE of Kokhanok, Alaska",1.5,2025-07-06 20:25:01.802000+07:00,2025-07-06 20:26:58.780000+07:00,58.9983,-153.9377,11.2,0,35,automatic,,",origin,phase-data,",,,,2025-07-07 19:50:56.365007+07:00,Micro,,Alaska,United States,Sunday,20
us7000qb06,Celebes Sea,4.2,2025-07-06 20:08:55.572000+07:00,2025-07-06 20:26:07.040000+07:00,3.4185,122.7908,549.71,0,271,reviewed,,",origin,phase-data,",,,,2025-07-07 19:50:56.365326+07:00,Light,,,,Sunday,20
ak0258lh8u4i,"77 km WNW of Tyonek, Alaska",1.9,2025-07-06 20:01:41.460000+07:00,2025-07-06 20:03:34.582000+07:00,61.2961,-152.4944,2.5,0,56,automatic,,",origin,phase-data,",,,,2025-07-07 19:50:56.365711+07:00,Micro,,Alaska,United States,Sunday,20
ak0258lgzez0,"66 km NW of Aleneva, Alaska",2.2,2025-07-06 19:57:46.040000+07:00,2025-07-06 19:59:29.713000+07:00,58.5139,-153.6588,69.5,0,74,automatic,,",origin,phase-data,",,,,2025-07-07 19:50:56.366355+07:00,Minor,,Alaska,United States,Sunday,19
